"id","church_zone_id","name","code","description","sequence","type"
"06297b01-e2b9-4dd3-9217-e05322f733c5","91fb9a88-f6ac-4612-aa0c-e78e6099432a","PT 11","","","16","usher"
"0c6b0c15-03fe-4bb7-b8da-d03402fb26b0","1007534b-69a8-4591-96c3-2ce458fb5a90","PPG-PM 2","","","12","usher"
"1b375409-81db-46c8-8513-fcbb8c67727e","90c908d9-3843-4fb3-aedf-b99911b604e9","PT 2",,,"12","usher"
"22062ad0-3965-44c6-84c9-d344a2f6f3d0","487d3bb7-ab5b-4d99-a1a3-a5e225f4c210","PT 4",,,"4","usher"
"28c841bc-082e-4618-b12f-5608e1a5e2f0","b260064a-d1bd-4f38-b54b-14e5d7f8128b","PT 5",,,"21","usher"
"2c93fd15-32c8-42df-bf6e-59c330096adc","487d3bb7-ab5b-4d99-a1a3-a5e225f4c210","PPG 1",,,"9","usher"
"2f78c42f-7f17-462c-820c-b0368f62b8dd","1007534b-69a8-4591-96c3-2ce458fb5a90","PT 7","","","9","usher"
"2f9eb794-ae27-498b-80d8-721320b6523c","1007534b-69a8-4591-96c3-2ce458fb5a90","PPG-PM 2A","","","13","usher"
"312222b8-5526-4ba4-9703-e5787cdd5021","1007534b-69a8-4591-96c3-2ce458fb5a90","PT 6","","","8","usher"
"34ec9ce7-6c79-4c58-9a4b-021aaa359bc1","487d3bb7-ab5b-4d99-a1a3-a5e225f4c210","PT 7",,,"7","usher"
"3d129c31-c31d-4c36-b8e6-b58d14ab107e","28528d0d-341e-4bad-b0f8-98bdf8cd6796","PPG-PM 5","","","26","usher"
"406bc110-d981-42ce-8015-700e167ed1b4","487d3bb7-ab5b-4d99-a1a3-a5e225f4c210","PT 8",,,"8","usher"
"4697cd42-781f-46d5-beb5-f8b0638f3220","487d3bb7-ab5b-4d99-a1a3-a5e225f4c210","PT 1",,,"1","usher"
"4b8232ec-67ec-4859-b960-877a168540c3","b260064a-d1bd-4f38-b54b-14e5d7f8128b","PT 2",,,"18","usher"
"4e92da90-49b8-4c83-bf5c-1c1d1ebe6ec2","1007534b-69a8-4591-96c3-2ce458fb5a90","PT 4","","","5","usher"
"4efb4654-4e29-407e-ab89-854c8a004042","28528d0d-341e-4bad-b0f8-98bdf8cd6796","PPG-PM 5","","","25","usher"
"5039c8ba-fe4d-43aa-b8df-b680ac40e09a","f483d317-256b-461c-afd7-3efcf9296849","PT 19","","","30","usher"
"5abe24eb-6982-46c8-8324-8937033749e7","1007534b-69a8-4591-96c3-2ce458fb5a90","PT 1","","","1","usher"
"5e674e5b-6ea5-45ad-a4f7-701cea49fa18","1007534b-69a8-4591-96c3-2ce458fb5a90","PT 3","","","4","usher"
"620eefaf-cea2-41a4-9fa7-e420d4d6458e","487d3bb7-ab5b-4d99-a1a3-a5e225f4c210","PT 3",,,"3","usher"
"6d734212-8ff7-41af-8818-846432a6e0c3","91fb9a88-f6ac-4612-aa0c-e78e6099432a","PPG-PM 3","","","23","usher"
"6f584de4-5a72-46a8-8a7d-cff58cdce9f6","91fb9a88-f6ac-4612-aa0c-e78e6099432a","PT 13","","","18","usher"
"70cdc842-8f40-41a7-a0bc-1eb9b0915088","b260064a-d1bd-4f38-b54b-14e5d7f8128b","PPG 6",,,"24","usher"
"770d9022-218b-4a9d-8d7c-87bddd9396ef","91fb9a88-f6ac-4612-aa0c-e78e6099432a","PT 9","","","14","usher"
"7b0d02e9-d77d-4109-b934-c2cbc5b7af4d","1007534b-69a8-4591-96c3-2ce458fb5a90","PT 8","","","10","usher"
"7dbf6396-678f-4cdf-a0e4-fe30ec889326","91fb9a88-f6ac-4612-aa0c-e78e6099432a","PT 12","","","17","usher"
"833248e4-e50a-42ea-9484-a86b39fe73fc","b260064a-d1bd-4f38-b54b-14e5d7f8128b","PT 1",,,"17","usher"
"8df94a75-08b1-4b59-83d1-9fab1e2fbcff","b260064a-d1bd-4f38-b54b-14e5d7f8128b","PT 6",,,"22","usher"
"95baa6fb-4844-4ba4-bec3-cb3a655c5e08","487d3bb7-ab5b-4d99-a1a3-a5e225f4c210","PT 6",,,"6","usher"
"96a3dffb-994c-4341-8c23-40b6cbfc5186","1007534b-69a8-4591-96c3-2ce458fb5a90","PT 5","","","7","usher"
"9711330e-8519-4b72-a88b-4f4eceeae6ab","91fb9a88-f6ac-4612-aa0c-e78e6099432a","PPG-PM 3","","","22","usher"
"976fe369-014e-4105-bcd1-ab58de1f9e75","28528d0d-341e-4bad-b0f8-98bdf8cd6796","PT 16","","","27","usher"
"9d5fdf9a-d10a-4fb9-ab6a-62c0550513fb","28528d0d-341e-4bad-b0f8-98bdf8cd6796","PT 17","","","28","usher"
"aa361856-d4a0-4e9f-84ae-db6883f16067","90c908d9-3843-4fb3-aedf-b99911b604e9","PT 1",,,"11","usher"
"ab2f507e-9f8f-41c5-858f-d190bf323ed5","487d3bb7-ab5b-4d99-a1a3-a5e225f4c210","PPG 2",,,"10","usher"
"ab54e53d-98b5-47c2-ba8f-52e0b5dded7e","edde7d87-2828-43ed-a2d5-cc29d3d7158b","PT 20","","","31","usher"
"ab963115-02d5-4bcf-8281-86ddeb6d515f","91fb9a88-f6ac-4612-aa0c-e78e6099432a","PT 15","","","21","usher"
"b5839f91-f9d1-4e01-96ec-6ebe97d740fa","b260064a-d1bd-4f38-b54b-14e5d7f8128b","PPG 5",,,"23","usher"
"badbda7a-5973-4068-ae69-98a3f225ca47","1007534b-69a8-4591-96c3-2ce458fb5a90","PT 2","","","2","usher"
"c08709ee-9748-4a21-b997-c858aabb1cce","90c908d9-3843-4fb3-aedf-b99911b604e9","PT 4",,,"14","usher"
"c15fb8e9-0577-4e32-bdd1-bc330f1f63c2","91fb9a88-f6ac-4612-aa0c-e78e6099432a","PT 14","","","20","usher"
"c8d0a460-5895-4f5a-b519-163691523d3b","91fb9a88-f6ac-4612-aa0c-e78e6099432a","PPG-PM 4","","","24","usher"
"c982bdd8-eeba-4e1d-a655-47c17910a2f7","90c908d9-3843-4fb3-aedf-b99911b604e9","PPG 3",,,"15","usher"
"cd8ccbc7-6167-4484-8350-98936b8ec22c","f483d317-256b-461c-afd7-3efcf9296849","PT 18","","","29","usher"
"cf5dbef3-e34a-4ddf-ac61-13da866f3257","edde7d87-2828-43ed-a2d5-cc29d3d7158b","PT 21","","","32","usher"
"d374b9fb-d564-4494-bf6a-225236894505","90c908d9-3843-4fb3-aedf-b99911b604e9","PT 3",,,"13","usher"
"d3c4ad74-e956-456f-a5fa-885e3511cd42","b260064a-d1bd-4f38-b54b-14e5d7f8128b","PT 4",,,"20","usher"
"e7c966cf-338b-48a4-b95d-f02abd373522","487d3bb7-ab5b-4d99-a1a3-a5e225f4c210","PT 5",,,"5","usher"
"eeb35d7c-0fe9-43e5-9f73-04abd2462d66","90c908d9-3843-4fb3-aedf-b99911b604e9","PPG 4",,,"16","usher"
"ef27e64c-6add-4f8d-b47b-0ec27f3affc5","91fb9a88-f6ac-4612-aa0c-e78e6099432a","PT 10","","","15","usher"
"f253dd3e-8faa-48ae-8077-418560aa57c8","1007534b-69a8-4591-96c3-2ce458fb5a90","PT 2a","","","3","usher"
"f52de28c-b342-4dcd-ba8d-22df5c749a54","1007534b-69a8-4591-96c3-2ce458fb5a90","PT 4a","","","6","usher"
"f8f8700a-2284-49ae-9276-263a85f6cb7c","b260064a-d1bd-4f38-b54b-14e5d7f8128b","PT 3",,,"19","usher"
"fdd45da6-618c-4d1b-9fe7-3391d65f6def","1007534b-69a8-4591-96c3-2ce458fb5a90","PPG-PM 1","","","11","usher"
"ffa2de6c-46dc-4b1e-baec-157cff61ccda","487d3bb7-ab5b-4d99-a1a3-a5e225f4c210","PT 2",,,"2","usher"